particle,fluid,phi ,T,size,k_ratio
Al2O3,60:40 EG/W,0.01,21.91124307,5.30E-08,1.078800795
Al2O3,60:40 EG/W,0.01,27.97099644,5.30E-08,1.110283042
Al2O3,60:40 EG/W,0.01,36.15977406,5.30E-08,1.144508814
Al2O3,60:40 EG/W,0.01,44.35531049,5.30E-08,1.196838533
Al2O3,60:40 EG/W,0.01,55.11340037,5.30E-08,1.213150708
Al2O3,60:40 EG/W,0.01,71.37122817,5.30E-08,1.260903749
Al2O3,60:40 EG/W,0.01,90.42237441,5.30E-08,1.290759745
Al2O3,60:40 EG/W,0.02,22.92892632,5.30E-08,1.104738062
Al2O3,60:40 EG/W,0.02,29.10261387,5.30E-08,1.141401142
Al2O3,60:40 EG/W,0.02,37.06159204,5.30E-08,1.160092692
Al2O3,60:40 EG/W,0.02,45.48306574,5.30E-08,1.21761152
Al2O3,60:40 EG/W,0.02,55.56913708,5.30E-08,1.233874038
Al2O3,60:40 EG/W,0.02,73.28590168,5.30E-08,1.289493503
Al2O3,60:40 EG/W,0.02,90.21574802,5.30E-08,1.337296201
Al2O3,60:40 EG/W,0.04,23.956265,5.30E-08,1.156538111
Al2O3,60:40 EG/W,0.04,29.80263318,5.30E-08,1.216452868
Al2O3,60:40 EG/W,0.04,37.99044525,5.30E-08,1.248092361
Al2O3,60:40 EG/W,0.04,45.72445171,5.30E-08,1.264181081
Al2O3,60:40 EG/W,0.04,56.27012193,5.30E-08,1.311512042
Al2O3,60:40 EG/W,0.04,78.24783166,5.30E-08,1.38037739
Al2O3,60:40 EG/W,0.04,91.03646032,5.30E-08,1.435632707
Al2O3,60:40 EG/W,0.06,23.98523132,5.30E-08,1.234126459
Al2O3,60:40 EG/W,0.06,30.04595023,5.30E-08,1.268194985
Al2O3,60:40 EG/W,0.06,38.33997214,5.30E-08,1.284325085
Al2O3,60:40 EG/W,0.06,46.64171839,5.30E-08,1.321145411
Al2O3,60:40 EG/W,0.06,56.97303788,5.30E-08,1.394322602
Al2O3,60:40 EG/W,0.06,70.43175398,5.30E-08,1.444455019
Al2O3,60:40 EG/W,0.06,91.50378355,5.30E-08,1.487391376
Al2O3,60:40 EG/W,0.08,24.67849182,5.30E-08,1.291074237
Al2O3,60:40 EG/W,0.08,30.29892273,5.30E-08,1.345799884
Al2O3,60:40 EG/W,0.08,38.37086954,5.30E-08,1.367085989
Al2O3,60:40 EG/W,0.08,47.12255924,5.30E-08,1.409111976
Al2O3,60:40 EG/W,0.08,57.88740793,5.30E-08,1.443528097
Al2O3,60:40 EG/W,0.08,70.79383293,5.30E-08,1.51430936
Al2O3,60:40 EG/W,0.08,92.20573395,5.30E-08,1.567615658
Al2O3,60:40 EG/W,0.1,26.95427874,5.30E-08,1.386932053
Al2O3,60:40 EG/W,0.1,32.23773483,5.30E-08,1.439046594
Al2O3,60:40 EG/W,0.1,40.53465337,5.30E-08,1.462935529
Al2O3,60:40 EG/W,0.1,49.83959971,5.30E-08,1.486898949
Al2O3,60:40 EG/W,0.1,61.40295318,5.30E-08,1.560167177
Al2O3,60:40 EG/W,0.1,74.85297939,5.30E-08,1.58702309
Al2O3,60:40 EG/W,0.1,92.9240986,5.30E-08,1.691806671
CuO,60:40 EG/W,0.01,97.29386423,2.90E-08,1.132200374
CuO,60:40 EG/W,0.01,91.2886423,2.90E-08,1.174890825
CuO,60:40 EG/W,0.01,82.93355091,2.90E-08,1.222974191
CuO,60:40 EG/W,0.01,71.18420366,2.90E-08,1.265867973
CuO,60:40 EG/W,0.01,59.695953,2.90E-08,1.303442778
CuO,60:40 EG/W,0.01,43.24686684,2.90E-08,1.353582569
CuO,60:40 EG/W,0.01,29.01710183,2.90E-08,1.384174773
CuO,60:40 EG/W,0.02,96.77167102,2.90E-08,1.164077266
CuO,60:40 EG/W,0.02,90.76644909,2.90E-08,1.196148247
CuO,60:40 EG/W,0.02,82.67245431,2.90E-08,1.237142725
CuO,60:40 EG/W,0.02,71.18420366,2.90E-08,1.283567088
CuO,60:40 EG/W,0.02,59.17375979,2.90E-08,1.317620555
CuO,60:40 EG/W,0.02,42.46357702,2.90E-08,1.3695395
CuO,60:40 EG/W,0.02,28.88655352,2.90E-08,1.401878509
CuO,60:40 EG/W,0.03,96.24947781,2.90E-08,1.226042653
CuO,60:40 EG/W,0.03,90.24425587,2.90E-08,1.254573812
CuO,60:40 EG/W,0.03,82.1502611,2.90E-08,1.304417847
CuO,60:40 EG/W,0.03,71.05365535,2.90E-08,1.317200028
CuO,60:40 EG/W,0.03,58.39046997,2.90E-08,1.381365096
CuO,60:40 EG/W,0.03,41.94138381,2.90E-08,1.408496037
CuO,60:40 EG/W,0.03,28.49490862,2.90E-08,1.458529541
CuO,60:40 EG/W,0.04,95.9883812,2.90E-08,1.256140391
CuO,60:40 EG/W,0.04,89.98315927,2.90E-08,1.270512258
CuO,60:40 EG/W,0.04,81.88916449,2.90E-08,1.330975762
CuO,60:40 EG/W,0.04,70.40091384,2.90E-08,1.373860302
CuO,60:40 EG/W,0.04,57.99882507,2.90E-08,1.409697544
CuO,60:40 EG/W,0.04,41.4191906,2.90E-08,1.447452575
CuO,60:40 EG/W,0.04,27.7116188,2.90E-08,1.490415675
CuO,60:40 EG/W,0.05,95.7272846,2.90E-08,1.282698306
CuO,60:40 EG/W,0.05,89.72206266,2.90E-08,1.336008226
CuO,60:40 EG/W,0.05,81.10587467,2.90E-08,1.368171631
CuO,60:40 EG/W,0.05,69.74817232,2.90E-08,1.40043208
CuO,60:40 EG/W,0.05,57.21553525,2.90E-08,1.448663324
CuO,60:40 EG/W,0.05,41.02754569,2.90E-08,1.497023961
CuO,60:40 EG/W,0.05,27.31997389,2.90E-08,1.541756972
CuO,60:40 EG/W,0.06,94.94399478,2.90E-08,1.316354352
CuO,60:40 EG/W,0.06,89.19986945,2.90E-08,1.374964764
CuO,60:40 EG/W,0.06,80.58368146,2.90E-08,1.401818434
CuO,60:40 EG/W,0.06,69.22597911,2.90E-08,1.444698353
CuO,60:40 EG/W,0.06,57.34608355,2.90E-08,1.468127729
CuO,60:40 EG/W,0.06,40.89699739,2.90E-08,1.521807343
CuO,60:40 EG/W,0.06,26.66723238,2.90E-08,1.603726981
ZnO,60:40 EG/W,0.01,25.50168539,2.90E-08,1.053778365
ZnO,60:40 EG/W,0.01,30.44550562,2.90E-08,1.085635603
ZnO,60:40 EG/W,0.01,37.63651685,2.90E-08,1.137320996
ZnO,60:40 EG/W,0.01,49.43426966,2.90E-08,1.181614893
ZnO,60:40 EG/W,0.01,61.34438202,2.90E-08,1.204351179
ZnO,60:40 EG/W,0.01,75.9511236,2.90E-08,1.24107733
ZnO,60:40 EG/W,0.01,90.67022472,2.90E-08,1.281736065
ZnO,60:40 EG/W,0.02,26.1758427,2.90E-08,1.098942498
ZnO,60:40 EG/W,0.02,31.56910112,2.90E-08,1.128883014
ZnO,60:40 EG/W,0.02,39.20955056,2.90E-08,1.149239921
ZnO,60:40 EG/W,0.02,50.44550562,2.90E-08,1.160145406
ZnO,60:40 EG/W,0.02,62.35561798,2.90E-08,1.241705221
ZnO,60:40 EG/W,0.02,78.64775281,2.90E-08,1.29820445
ZnO,60:40 EG/W,0.02,92.91741573,2.90E-08,1.360387751
ZnO,60:40 EG/W,0.04,25.83876404,2.90E-08,1.138125138
ZnO,60:40 EG/W,0.04,31.79382022,2.90E-08,1.18576779
ZnO,60:40 EG/W,0.04,39.20955056,2.90E-08,1.233553646
ZnO,60:40 EG/W,0.04,50.67022472,2.90E-08,1.256245869
ZnO,60:40 EG/W,0.04,62.80505618,2.90E-08,1.300572813
ZnO,60:40 EG/W,0.04,78.98483146,2.90E-08,1.345296321
ZnO,60:40 EG/W,0.04,93.70393258,2.90E-08,1.38791584
ZnO,60:40 EG/W,0.06,25.9511236,2.90E-08,1.198920467
ZnO,60:40 EG/W,0.06,31.79382022,2.90E-08,1.250473673
ZnO,60:40 EG/W,0.06,39.43426966,2.90E-08,1.264948226
ZnO,60:40 EG/W,0.06,50.44550562,2.90E-08,1.311125799
ZnO,60:40 EG/W,0.06,63.25449438,2.90E-08,1.333950209
ZnO,60:40 EG/W,0.06,79.77134831,2.90E-08,1.398314607
ZnO,60:40 EG/W,0.06,93.81629213,2.90E-08,1.452632738
ZnO,60:40 EG/W,0.07,26.85,2.90E-08,1.26175369
ZnO,60:40 EG/W,0.07,32.01853933,2.90E-08,1.307358449
ZnO,60:40 EG/W,0.07,40.10842697,2.90E-08,1.317955497
ZnO,60:40 EG/W,0.07,50.89494382,2.90E-08,1.34254241
ZnO,60:40 EG/W,0.07,62.35561798,2.90E-08,1.380920908
ZnO,60:40 EG/W,0.07,79.54662921,2.90E-08,1.468880811
ZnO,60:40 EG/W,0.07,94.15337079,2.90E-08,1.491881472
ZnO,60:40 EG/W,0.02,31.64452055,7.70E-08,1.118707151
ZnO,60:40 EG/W,0.02,39.17876712,7.70E-08,1.143434935
ZnO,60:40 EG/W,0.02,50.59429224,7.70E-08,1.152031378
ZnO,60:40 EG/W,0.02,62.23812785,7.70E-08,1.234691488
ZnO,60:40 EG/W,0.02,78.44817352,7.70E-08,1.288653423
ZnO,60:40 EG/W,0.02,92.83173516,7.70E-08,1.348396623
ZnO,60:40 EG/W,0.04,32.10114155,7.70E-08,1.180224798
ZnO,60:40 EG/W,0.04,39.63538813,7.70E-08,1.226605003
ZnO,60:40 EG/W,0.04,50.82260274,7.70E-08,1.250026669
ZnO,60:40 EG/W,0.04,62.46643836,7.70E-08,1.295079941
ZnO,60:40 EG/W,0.04,79.01894977,7.70E-08,1.335351052
ZnO,60:40 EG/W,0.04,93.63082192,7.70E-08,1.373431422
CuO,H2O,0.04,25.59301676,2.90E-08,1.201409155
CuO,H2O,0.04,30.62094972,2.90E-08,1.20050863
CuO,H2O,0.04,38.44217877,2.90E-08,1.228958559
CuO,H2O,0.04,47.79972067,2.90E-08,1.251163179
CuO,H2O,0.04,58.69357542,2.90E-08,1.285032936
CuO,H2O,0.04,72.38072626,2.90E-08,1.297506879
CuO,H2O,0.04,93.33044693,2.90E-08,1.344500959
Al2O3,H2O,0.01,25.03597122,1.30E-08,1.199608022
Al2O3,H2O,0.01,29.92805755,1.30E-08,1.20872813
Al2O3,H2O,0.01,35.10791367,1.30E-08,1.240146765
Al2O3,H2O,0.01,40,1.30E-08,1.233093824
Al2O3,H2O,0.01,44.96402878,1.30E-08,1.24054959
Al2O3,H2O,0.01,49.92805755,1.30E-08,1.211913097
Al2O3,H2O,0.015,24.96402878,1.30E-08,1.215801372
Al2O3,H2O,0.015,30.07194245,1.30E-08,1.232487194
Al2O3,H2O,0.015,35.10791367,1.30E-08,1.26080535
Al2O3,H2O,0.015,40.14388489,1.30E-08,1.270670117
Al2O3,H2O,0.015,44.96402878,1.30E-08,1.242954913
Al2O3,H2O,0.015,49.92805755,1.30E-08,1.232868222
Al2O3,H2O,0.02,25.03597122,1.30E-08,1.223883493
Al2O3,H2O,0.02,30.07194245,1.30E-08,1.23777121
Al2O3,H2O,0.02,34.96402878,1.30E-08,1.268570898
Al2O3,H2O,0.02,40,1.30E-08,1.278207012
Al2O3,H2O,0.02,45.10791367,1.30E-08,1.245342932
Al2O3,H2O,0.02,50,1.30E-08,1.232859847
Al2O3,H2O,0.025,25.17985612,1.30E-08,1.226561363
Al2O3,H2O,0.025,30.07194245,1.30E-08,1.264191289
Al2O3,H2O,0.025,35.10791367,1.30E-08,1.302122521
Al2O3,H2O,0.025,40,1.30E-08,1.290738453
Al2O3,H2O,0.025,45.03597122,1.30E-08,1.271810135
Al2O3,H2O,0.025,50.07194245,1.30E-08,1.253806596
TiO2,H2O,0.01,24.96,3.00E-08,1.202088715
TiO2,H2O,0.01,29.92,3.00E-08,1.17765184
TiO2,H2O,0.01,35.04,3.00E-08,1.165714081
TiO2,H2O,0.01,40,3.00E-08,1.122844828
TiO2,H2O,0.01,45.04,3.00E-08,1.089454582
TiO2,H2O,0.01,50.08,3.00E-08,1.054436362
TiO2,H2O,0.015,24.96,3.00E-08,1.202088715
TiO2,H2O,0.015,29.92,3.00E-08,1.17765184
TiO2,H2O,0.015,35.04,3.00E-08,1.165714081
TiO2,H2O,0.015,40,3.00E-08,1.122844828
TiO2,H2O,0.015,45.04,3.00E-08,1.089454582
TiO2,H2O,0.015,50.08,3.00E-08,1.054436362
TiO2,H2O,0.02,24.96,3.00E-08,1.202088715
TiO2,H2O,0.02,29.92,3.00E-08,1.17765184
TiO2,H2O,0.02,35.04,3.00E-08,1.165714081
TiO2,H2O,0.02,40,3.00E-08,1.122844828
TiO2,H2O,0.02,45.04,3.00E-08,1.089454582
TiO2,H2O,0.02,50.08,3.00E-08,1.054436362
TiO2,H2O,0.025,24.96,3.00E-08,1.202088715
TiO2,H2O,0.025,29.92,3.00E-08,1.17765184
TiO2,H2O,0.025,35.04,3.00E-08,1.165714081
TiO2,H2O,0.025,40,3.00E-08,1.122844828
TiO2,H2O,0.025,45.04,3.00E-08,1.089454582
TiO2,H2O,0.025,50.08,3.00E-08,1.054436362
SiO2,H2O,0.01,24.96551724,3.00E-08,1.117171717
SiO2,H2O,0.01,30,3.00E-08,1.099009901
SiO2,H2O,0.01,35.03448276,3.00E-08,1.077669903
SiO2,H2O,0.01,40,3.00E-08,1.056179775
SiO2,H2O,0.01,45.03448276,3.00E-08,1.054151625
SiO2,H2O,0.01,50,3.00E-08,1.05061082
SiO2,H2O,0.015,25.10344828,3.00E-08,1.133333333
SiO2,H2O,0.015,30,3.00E-08,1.122772277
SiO2,H2O,0.015,34.96551724,3.00E-08,1.12815534
SiO2,H2O,0.015,40,3.00E-08,1.121722846
SiO2,H2O,0.015,45.03448276,3.00E-08,1.166064982
SiO2,H2O,0.015,50,3.00E-08,1.165794066
SiO2,H2O,0.02,25.03448276,3.00E-08,1.157575758
SiO2,H2O,0.02,30.06896552,3.00E-08,1.17029703
SiO2,H2O,0.02,34.96551724,3.00E-08,1.166990291
SiO2,H2O,0.02,40.06896552,3.00E-08,1.174157303
SiO2,H2O,0.02,45.10344828,3.00E-08,1.184115523
SiO2,H2O,0.02,50,3.00E-08,1.202443281
SiO2,H2O,0.025,25.03448276,3.00E-08,1.21010101
SiO2,H2O,0.025,30,3.00E-08,1.196039604
SiO2,H2O,0.025,35.10344828,3.00E-08,1.198058252
SiO2,H2O,0.025,39.86206897,3.00E-08,1.189138577
SiO2,H2O,0.025,44.96551724,3.00E-08,1.209386282
SiO2,H2O,0.025,50.20689655,3.00E-08,1.219895288
Fe,H2O,0.011747929,24.85,3.70E-08,1.001081081
Fe,H2O,0.011412196,24.85,3.70E-08,1.005045045
Fe,H2O,0.010816515,24.85,3.70E-08,1.00990991
Fe,H2O,0.009542849,24.85,3.70E-08,1.018378378
Fe,H2O,0.007077278,24.85,3.70E-08,1.036216216
Fe,H2O,0.002109466,24.85,3.70E-08,1.074234234
Fe,H2O,0.011727828,24.85,7.10E-08,1.001081081
Fe,H2O,0.011410566,24.85,7.10E-08,1.003963964
Fe,H2O,0.010793698,24.85,7.10E-08,1.008108108
Fe,H2O,0.009558061,24.85,7.10E-08,1.015135135
Fe,H2O,0.007070759,24.85,7.10E-08,1.031891892
Fe,H2O,0.002086921,24.85,7.10E-08,1.059279279
Fe,H2O,0.011727828,24.85,9.80E-08,1.001081081
Fe,H2O,0.011389379,24.85,9.80E-08,1.003243243
Fe,H2O,0.010771696,24.85,9.80E-08,1.006846847
Fe,H2O,0.009515143,24.85,9.80E-08,1.013333333
Fe,H2O,0.007064783,24.85,9.80E-08,1.027927928
Fe,H2O,0.002077686,24.85,9.80E-08,1.053153153
Al2O3,H2O,0.009911504,24.85,3.84E-08,1.027272727
Al2O3,H2O,0.019823009,24.85,3.84E-08,1.054545455
Al2O3,H2O,0.029823009,24.85,3.84E-08,1.071590909
Al2O3,H2O,0.039823009,24.85,3.84E-08,1.095454545
Al2O3,H2O,0.042920354,24.85,3.84E-08,1.1
Al2O3,EG,0.0099719,24.85,3.84E-08,1.033626039
Al2O3,EG,0.0199438,24.85,3.84E-08,1.063130781
Al2O3,EG,0.029905163,24.85,3.84E-08,1.103699801
Al2O3,EG,0.039961753,24.85,3.84E-08,1.144280529
Al2O3,EG,0.049727979,24.85,3.84E-08,1.18974359
CuO,H2O,0.009782075,24.85,2.36E-08,1.039032083
CuO,H2O,0.014909039,24.85,2.36E-08,1.056931214
CuO,H2O,0.01993851,24.85,2.36E-08,1.072252844
CuO,H2O,0.024965432,24.85,2.36E-08,1.092735846
CuO,H2O,0.033839806,24.85,2.36E-08,1.122126995
CuO,EG,0.009951691,24.85,2.36E-08,1.04875
CuO,EG,0.019903382,24.85,2.36E-08,1.09125
CuO,EG,0.029855072,24.85,2.36E-08,1.145
CuO,EG,0.039903382,24.85,2.36E-08,1.2125
Al2O3,H2O,0.030420168,23.85,2.80E-08,1.117647059
Al2O3,H2O,0.045802563,23.85,2.80E-08,1.146218487
Al2O3,H2O,0.054903658,23.85,2.80E-08,1.156302521
Al2O3,EG,0.024047195,23.85,2.80E-08,1.008403361
Al2O3,EG,0.050554282,23.85,2.80E-08,1.250420168
Al2O3,EG,0.080612851,23.85,2.80E-08,1.408403361
CuO,H2O,0.045833333,23.85,2.30E-08,1.171970769
CuO,H2O,0.095535714,23.85,2.30E-08,1.350165017
CuO,EG,0.062202381,23.85,2.30E-08,1.240594059
Al2O3,H2O,0.02,27.82693905,3.60E-08,1.078703704
Al2O3,H2O,0.02,28.72089354,3.60E-08,1.111111111
Al2O3,H2O,0.02,30.37078558,3.60E-08,1.114814815
Al2O3,H2O,0.02,32.7889055,3.60E-08,1.152777778
Al2O3,H2O,0.02,34.99252616,3.60E-08,1.182407407
Al2O3,H2O,0.02,35.74132204,3.60E-08,1.233333333
Al2O3,H2O,0.06,27.51918286,3.60E-08,1.110185185
Al2O3,H2O,0.06,28.39711011,3.60E-08,1.121296296
Al2O3,H2O,0.06,29.97168244,3.60E-08,1.164814815
Al2O3,H2O,0.06,32.42650722,3.60E-08,1.193518519
Al2O3,H2O,0.06,35.73692078,3.60E-08,1.282407407
Al2O3,H2O,0.06,34.68634778,3.60E-08,1.196296296
Al2O3,H2O,0.1,27.21433317,3.60E-08,1.109259259
Al2O3,H2O,0.1,28.03936223,3.60E-08,1.110185185
Al2O3,H2O,0.1,29.68427172,3.60E-08,1.169444444
Al2O3,H2O,0.1,32.20918452,3.60E-08,1.216666667
Al2O3,H2O,0.1,34.48065105,3.60E-08,1.289814815
Al2O3,H2O,0.1,35.55854509,3.60E-08,1.271296296
CuO,H2O,0.02,29.03958362,2.90E-08,1.351006711
CuO,H2O,0.02,31.44788385,2.90E-08,1.355218463
CuO,H2O,0.02,33.63895357,2.90E-08,1.389795918
CuO,H2O,0.02,35.48486509,2.90E-08,1.439330229
CuO,H2O,0.04,28.86864813,2.90E-08,1.335556773
CuO,H2O,0.04,31.2303794,2.90E-08,1.389405561
CuO,H2O,0.04,33.35762224,2.90E-08,1.414367895
CuO,H2O,0.04,34.88220792,2.90E-08,1.446397754
CuO,H2O,0.06,28.5810163,2.90E-08,1.448020819
CuO,H2O,0.06,30.96466238,2.90E-08,1.496158061
CuO,H2O,0.06,33.00575264,2.90E-08,1.522948911
CuO,H2O,0.06,34.4455554,2.90E-08,1.537700315
CuO,H2O,0.06,35.86207369,2.90E-08,1.577270237
SiC,EG,0.008989571,4,2.60E-08,1.051515152
SiC,EG,0.01925915,4,2.60E-08,1.066666667
SiC,EG,0.027332743,4,2.60E-08,1.1
SiC,EG,0.035146596,4,2.60E-08,1.133333333
SiC,H2O,0.008458284,4,2.60E-08,1.033333333
SiC,H2O,0.015228257,4,2.60E-08,1.059090909
SiC,H2O,0.024076151,4,2.60E-08,1.084848485
SiC,H2O,0.032931917,4,2.60E-08,1.122727273
SiC,H2O,0.042050374,4,2.60E-08,1.165151515
SiC,H2O,0.041,22.5,1.57E-08,1.07
SiC,H2O,0.041,22.5,2.88E-08,1.0975
SiC,H2O,0.041,22.5,6.54E-08,1.119166667
SiC,H2O,0.041,22.5,8.96E-08,1.125
TiO2,H2O,0.005,24.85,1.50E-08,1.045135135
TiO2,H2O,0.008068182,24.85,1.50E-08,1.094864865
TiO2,H2O,0.01,24.85,1.50E-08,1.184594595
TiO2,H2O,0.019772727,24.85,1.50E-08,1.237567568
TiO2,H2O,0.030113636,24.85,1.50E-08,1.255945946
TiO2,H2O,0.040227273,24.85,1.50E-08,1.272162162
TiO2,H2O,0.05,24.85,1.50E-08,1.297027027
CuO,H2O,0.00E+00,22,2.90E-08,1
CuO,H2O,0.011506849,22,2.90E-08,1.017534596
CuO,H2O,0.02,22,2.90E-08,1.033673222
CuO,H2O,0.030684932,22,2.90E-08,1.060494052
CuO,H2O,0.040273973,22,2.90E-08,1.068681719
CuO,H2O,0.050958904,22,2.90E-08,1.075564457
CuO,H2O,0.06109589,22,2.90E-08,1.105031561
CuO,H2O,0.070684932,22,2.90E-08,1.118536052
CuO,H2O,0.08,22,2.90E-08,1.093487497
CuO,H2O,0.089863014,22,2.90E-08,1.112314882
CuO,H2O,0.121643836,22,2.90E-08,1.208721777
CuO,H2O,0.127123288,22,2.90E-08,1.246060937
CuO,H2O,0.139178082,22,2.90E-08,1.242340374
Al2O3,H2O,0,22,3.60E-08,1
Al2O3,H2O,0.00867755,22,3.60E-08,1.059183673
Al2O3,H2O,0.017238184,22,3.60E-08,1.044897959
Al2O3,H2O,0.029602909,22,3.60E-08,1.024489796
Al2O3,H2O,0.046929493,22,3.60E-08,1.091836735
Al2O3,H2O,0.0554445,22,3.60E-08,1.093877551
Al2O3,H2O,0.066389107,22,3.60E-08,1.073469388
Al2O3,H2O,0.076706352,22,3.60E-08,1.108163265
Al2O3,H2O,0.08708063,22,3.60E-08,1.12244898
Al2O3,H2O,0.09280673,22,3.60E-08,1.106122449
Al2O3,H2O,0.102165823,22,3.60E-08,1.144897959
Al2O3,H2O,0.126992229,22,3.60E-08,1.23877551
Al2O3,H2O,0.144119199,22,3.60E-08,1.208163265
Al2O3,H2O,0.153934555,22,3.60E-08,1.253061224
Al2O3,H2O,0.174666001,22,3.60E-08,1.287755102
Al2O3,H2O,0.009681329,22,4.70E-08,1.03877551
Al2O3,H2O,0.019097455,22,4.70E-08,1.057142857
Al2O3,H2O,0.029580096,22,4.70E-08,1.032653061
Al2O3,H2O,0.048412348,22,4.70E-08,1.069387755
Al2O3,H2O,0.069126684,22,4.70E-08,1.110204082
Al2O3,H2O,0.079466743,22,4.70E-08,1.136734694
Al2O3,H2O,0.098869323,22,4.70E-08,1.13877551
Al2O3,H2O,0.118026663,22,4.70E-08,1.228571429
Al2O3,H2O,0.128897127,22,4.70E-08,1.234693878
Al2O3,H2O,0.136910245,22,4.70E-08,1.246938776
Al2O3,H2O,0.151054395,22,4.70E-08,1.267346939
Al2O3,H2O,0.160493334,22,4.70E-08,1.27755102
Al2O3,H2O,0.168067299,22,4.70E-08,1.27755102
Al2O3,H2O,0.179394026,22,4.70E-08,1.289795918
CuO,H2O,0.011243243,22,2.90E-08,1.027710843
CuO,H2O,0.02,22,2.90E-08,1.042168675
CuO,H2O,0.032324324,22,2.90E-08,1.069277108
CuO,H2O,0.039135135,22,2.90E-08,1.078313253
CuO,H2O,0.050810811,22,2.90E-08,1.08373494
CuO,H2O,0.061189189,22,2.90E-08,1.110843373
CuO,H2O,0.070918919,22,2.90E-08,1.125301205
CuO,H2O,0.080324324,22,2.90E-08,1.101807229
CuO,H2O,0.090378378,22,2.90E-08,1.121686747
CuO,H2O,0.121513514,22,2.90E-08,1.213855422
CuO,H2O,0.127675676,22,2.90E-08,1.251807229
CuO,H2O,0.140648649,22,2.90E-08,1.248192771
Al2O3,H2O,0.008383234,22,4.70E-08,1.049715569
Al2O3,H2O,0.01988024,22,4.70E-08,1.066856287
Al2O3,H2O,0.028982036,22,4.70E-08,1.044071856
Al2O3,H2O,0.049580838,22,4.70E-08,1.080928144
Al2O3,H2O,0.069221557,22,4.70E-08,1.120314371
Al2O3,H2O,0.080239521,22,4.70E-08,1.14747006
Al2O3,H2O,0.100838323,22,4.70E-08,1.146826347
Al2O3,H2O,0.120479042,22,4.70E-08,1.246212575
Al2O3,H2O,0.130538922,22,4.70E-08,1.255898204
Al2O3,H2O,0.139161677,22,4.70E-08,1.260628743
Al2O3,H2O,0.154011976,22,4.70E-08,1.285164671
Al2O3,H2O,0.163113772,22,4.70E-08,1.29738024
Al2O3,H2O,0.171736527,22,4.70E-08,1.294610778
Al2O3,H2O,0.182754491,22,4.70E-08,1.304266467
Al2O3,H2O,0.009122807,22,3.60E-08,1.06809816
Al2O3,H2O,0.018011696,22,3.60E-08,1.048466258
Al2O3,H2O,0.029707602,22,3.60E-08,1.038650307
Al2O3,H2O,0.048888889,22,3.60E-08,1.1
Al2O3,H2O,0.056842105,22,3.60E-08,1.109815951
Al2O3,H2O,0.066666667,22,3.60E-08,1.082822086
Al2O3,H2O,0.069473684,22,3.60E-08,1.119631902
Al2O3,H2O,0.078362573,22,3.60E-08,1.126993865
Al2O3,H2O,0.089590643,22,3.60E-08,1.141717791
Al2O3,H2O,0.095672515,22,3.60E-08,1.124539877
Al2O3,H2O,0.104093567,22,3.60E-08,1.161349693
Al2O3,H2O,0.130292398,22,3.60E-08,1.269325153
Al2O3,H2O,0.147134503,22,3.60E-08,1.227607362
Al2O3,H2O,0.157426901,22,3.60E-08,1.279141104
Al2O3,H2O,0.178479532,22,3.60E-08,1.313496933
Al2O3,H2O,0.09,20.82420455,3.60E-08,1.140365345
Al2O3,H2O,0.09,21.1353238,3.60E-08,1.139428304
Al2O3,H2O,0.09,22.20175691,3.60E-08,1.138160353
Al2O3,H2O,0.09,25.26693508,3.60E-08,1.140549814
Al2O3,H2O,0.09,25.44628618,3.60E-08,1.128508852
Al2O3,H2O,0.09,26.24682998,3.60E-08,1.122323008
Al2O3,H2O,0.09,26.37755235,3.60E-08,1.141073844
Al2O3,H2O,0.09,27.04423645,3.60E-08,1.139093647
Al2O3,H2O,0.09,27.48869251,3.60E-08,1.137777084
Al2O3,H2O,0.09,27.49104552,3.60E-08,1.120596387
Al2O3,H2O,0.09,27.84687181,3.60E-08,1.117652737
Al2O3,H2O,0.09,28.37577453,3.60E-08,1.148486532
Al2O3,H2O,0.09,28.73107794,3.60E-08,1.149331586
Al2O3,H2O,0.09,29.08664279,3.60E-08,1.148273592
Al2O3,H2O,0.09,29.44220764,3.60E-08,1.14721742
Al2O3,H2O,0.09,29.61789851,3.60E-08,1.161883175
Al2O3,H2O,0.09,30.06261602,3.60E-08,1.158653203
Al2O3,H2O,0.09,30.32928965,3.60E-08,1.157856084
Al2O3,H2O,0.09,30.24275144,3.60E-08,1.141055119
Al2O3,H2O,0.09,30.82002144,3.60E-08,1.143141875
Al2O3,H2O,0.09,31.48670553,3.60E-08,1.141179552
Al2O3,H2O,0.09,32.06475986,3.60E-08,1.137596005
Al2O3,H2O,0.09,32.51156893,3.60E-08,1.119323565
Al2O3,H2O,0.09,32.54947842,3.60E-08,1.166339295
Al2O3,H2O,0.09,32.90478182,3.60E-08,1.167160647
Al2O3,H2O,0.09,33.21590107,3.60E-08,1.166230765
Al2O3,H2O,0.09,33.21851552,3.60E-08,1.147403275
Al2O3,H2O,0.09,33.61852597,3.60E-08,1.146227812
Al2O3,H2O,0.09,34.15187325,3.60E-08,1.144664029
Al2O3,H2O,0.09,33.88258517,3.60E-08,1.164242828
Al2O3,H2O,0.09,34.59371487,3.60E-08,1.16212935
Al2O3,H2O,0.09,35.21595336,3.60E-08,1.160285944
Al2O3,H2O,0.09,35.08026354,3.60E-08,1.177549848
Al2O3,H2O,0.09,34.72286857,3.60E-08,1.191749464
Al2O3,H2O,0.09,37.25156213,3.60E-08,1.217667098
Al2O3,H2O,0.09,38.67356009,3.60E-08,1.215159475
Al2O3,H2O,0.09,39.20716881,3.60E-08,1.211671319
Al2O3,H2O,0.09,36.23558786,3.60E-08,1.17596147
Al2O3,H2O,0.09,21.76671286,4.70E-08,1.069801064
Al2O3,H2O,0.09,22.43313551,4.70E-08,1.069848126
Al2O3,H2O,0.09,22.96648278,4.70E-08,1.068341528
Al2O3,H2O,0.09,24.69750843,4.70E-08,1.08077011
Al2O3,H2O,0.09,30.29347172,4.70E-08,1.095419162
Al2O3,H2O,0.09,31.6226568,4.70E-08,1.121888141
Al2O3,H2O,0.09,32.24881696,4.70E-08,1.091785121
Al2O3,H2O,0.09,34.15788648,4.70E-08,1.1014585
Al2O3,H2O,0.09,34.59998954,4.70E-08,1.117092725
Al2O3,H2O,0.09,36.45833878,4.70E-08,1.171561276
Al2O3,H2O,0.09,37.03404011,4.70E-08,1.184769356
Al2O3,H2O,0.09,37.526602,4.70E-08,1.157213667
Al2O3,H2O,0.09,37.8824283,4.70E-08,1.154309198
Al2O3,H2O,0.09,37.93157991,4.70E-08,1.120668822
Al2O3,H2O,0.09,38.10700933,4.70E-08,1.136911258
Al2O3,H2O,0.09,38.32923737,4.70E-08,1.136271042
Al2O3,H2O,0.09,38.58911344,4.70E-08,1.18383185
Al2O3,H2O,0.09,39.08010667,4.70E-08,1.167518425
Al2O3,H2O,0.031,22.12389381,3.60E-08,1.041233685
Al2O3,H2O,0.031,22.25663717,3.60E-08,1.075941079
Al2O3,H2O,0.031,22.78761062,3.60E-08,1.053382522
Al2O3,H2O,0.031,22.96460177,3.60E-08,1.051051719
Al2O3,H2O,0.031,23.00884956,3.60E-08,1.070360961
Al2O3,H2O,0.031,23.31858407,3.60E-08,1.069666226
Al2O3,H2O,0.031,23.84955752,3.60E-08,1.066541067
Al2O3,H2O,0.031,23.84955752,3.60E-08,1.051047935
Al2O3,H2O,0.031,24.24778761,3.60E-08,1.0501756
Al2O3,H2O,0.031,24.51327434,3.60E-08,1.084397835
Al2O3,H2O,0.031,24.86725664,3.60E-08,1.097117405
Al2O3,H2O,0.031,25.30973451,3.60E-08,1.096100802
Al2O3,H2O,0.031,25.30973451,3.60E-08,1.076803554
Al2O3,H2O,0.031,24.95575221,3.60E-08,1.079531335
Al2O3,H2O,0.031,30.61946903,3.60E-08,1.116455735
Al2O3,H2O,0.031,30.7079646,3.60E-08,1.095300581
Al2O3,H2O,0.031,30.97345133,3.60E-08,1.098506832
Al2O3,H2O,0.031,31.37168142,3.60E-08,1.097603923
Al2O3,H2O,0.031,31.94690265,3.60E-08,1.117190657
Al2O3,H2O,0.031,32.38938053,3.60E-08,1.144623172
Al2O3,H2O,0.031,33.45132743,3.60E-08,1.142109978
Al2O3,H2O,0.031,34.46902655,3.60E-08,1.156700448
Al2O3,H2O,0.031,35.22123894,3.60E-08,1.186934952
Al2O3,H2O,0.031,37.25663717,3.60E-08,1.163207523
Al2O3,H2O,0.031,37.21238938,3.60E-08,1.176439196
Al2O3,H2O,0.031,38.14159292,3.60E-08,1.192904521
Al2O3,H2O,0.031,38.45132743,3.60E-08,1.177187724
Al2O3,H2O,0.033,23.53982301,4.70E-08,1.067232519
Al2O3,H2O,0.033,23.71681416,4.70E-08,1.082335457
Al2O3,H2O,0.033,24.55752212,4.70E-08,1.068831112
Al2O3,H2O,0.033,25,4.70E-08,1.031151804
Al2O3,H2O,0.033,24.95575221,4.70E-08,1.066011555
Al2O3,H2O,0.033,25.39823009,4.70E-08,1.065028829
Al2O3,H2O,0.033,26.01769912,4.70E-08,1.063656581
Al2O3,H2O,0.033,25.84070796,4.70E-08,1.027431011
Al2O3,H2O,0.033,32.16814159,4.70E-08,1.078722308
Al2O3,H2O,0.033,31.68141593,4.70E-08,1.133004991
Al2O3,H2O,0.033,32.61061947,4.70E-08,1.127035707
Al2O3,H2O,0.033,33.31858407,4.70E-08,1.112141033
Al2O3,H2O,0.033,33.9380531,4.70E-08,1.110724911
Al2O3,H2O,0.033,35.66371681,4.70E-08,1.087981454
Al2O3,H2O,0.033,36.0619469,4.70E-08,1.087098628
Al2O3,H2O,0.033,36.63716814,4.70E-08,1.085826388
Al2O3,H2O,0.033,37.78761062,4.70E-08,1.103890644
Al2O3,H2O,0.033,38.67256637,4.70E-08,1.114988135
Al2O3,H2O,0.033,39.24778761,4.70E-08,1.113685806
CuO,H2O,0.033,21.96428571,2.90E-08,1.034235037
CuO,H2O,0.033,22.5,2.90E-08,1.021415357
CuO,H2O,0.033,22.8125,2.90E-08,1.022537558
CuO,H2O,0.033,22.94642857,2.90E-08,1.069877917
CuO,H2O,0.033,24.91071429,2.90E-08,1.028672204
CuO,H2O,0.033,27.09821429,2.90E-08,1.07038752
CuO,H2O,0.033,29.95535714,2.90E-08,1.098611827
CuO,H2O,0.033,30.26785714,2.90E-08,1.097782163
CuO,H2O,0.033,30.80357143,2.90E-08,1.100104645
CuO,H2O,0.033,31.16071429,2.90E-08,1.095418583
CuO,H2O,0.033,32.14285714,2.90E-08,1.090965474
CuO,H2O,0.033,32.67857143,2.90E-08,1.089561271
CuO,H2O,0.033,33.66071429,2.90E-08,1.105577399
CuO,H2O,0.033,34.01785714,2.90E-08,1.089779577
CuO,H2O,0.033,35.17857143,2.90E-08,1.084907214
CuO,H2O,0.033,36.33928571,2.90E-08,1.083754308
CuO,H2O,0.033,37.67857143,2.90E-08,1.091350736
CuO,H2O,0.033,40.17857143,2.90E-08,1.117843057
CuO,H2O,0.061,21.02678571,2.90E-08,1.0941159
CuO,H2O,0.061,21.60714286,2.90E-08,1.071501251
CuO,H2O,0.061,23.39285714,2.90E-08,1.068704181
CuO,H2O,0.061,23.66071429,2.90E-08,1.069904919
CuO,H2O,0.061,24.59821429,2.90E-08,1.095937877
CuO,H2O,0.061,26.16071429,2.90E-08,1.110679451
CuO,H2O,0.061,26.47321429,2.90E-08,1.10983291
CuO,H2O,0.061,28.125,2.90E-08,1.103496587
CuO,H2O,0.061,29.01785714,2.90E-08,1.087955191
CuO,H2O,0.061,30.625,2.90E-08,1.098707241
CuO,H2O,0.061,31.60714286,2.90E-08,1.09610791
CuO,H2O,0.061,31.96428571,2.90E-08,1.113822743
CuO,H2O,0.061,32.36607143,2.90E-08,1.140705178
CuO,H2O,0.061,34.46428571,2.90E-08,1.105306544
CuO,H2O,0.061,34.64285714,2.90E-08,1.119664546
CuO,H2O,0.061,36.96428571,2.90E-08,1.102422155
CuO,H2O,0.061,36.25,2.90E-08,1.14677099
CuO,H2O,0.061,37.85714286,2.90E-08,1.111123959
CuO,H2O,0.061,38.08035714,2.90E-08,1.110535699
CuO,H2O,0.061,38.21428571,2.90E-08,1.126725504
CuO,H2O,0.093,21.96428571,2.90E-08,1.120261981
CuO,H2O,0.093,22.14285714,2.90E-08,1.135055808
CuO,H2O,0.093,23.39285714,2.90E-08,1.133474131
CuO,H2O,0.093,25.53571429,2.90E-08,1.127536568
CuO,H2O,0.093,27.58928571,2.90E-08,1.120018931
CuO,H2O,0.093,27.85714286,2.90E-08,1.121174011
CuO,H2O,0.093,28.125,2.90E-08,1.120444487
CuO,H2O,0.093,28.39285714,2.90E-08,1.136652791
CuO,H2O,0.093,28.83928571,2.90E-08,1.135422268
CuO,H2O,0.093,29.01785714,2.90E-08,1.133051779
CuO,H2O,0.093,29.33035714,2.90E-08,1.135949368
CuO,H2O,0.093,29.55357143,2.90E-08,1.13533555
CuO,H2O,0.093,29.91071429,2.90E-08,1.13435482
CuO,H2O,0.093,29.19642857,2.90E-08,1.145709035
CuO,H2O,0.093,29.55357143,2.90E-08,1.150348251
CuO,H2O,0.093,30.04464286,2.90E-08,1.147107999
CuO,H2O,0.093,28.88392857,2.90E-08,1.11838265
CuO,H2O,0.093,30.75892857,2.90E-08,1.147001386
CuO,H2O,0.093,33.39285714,2.90E-08,1.123021448
CuO,H2O,0.093,33.39285714,2.90E-08,1.139755212
CuO,H2O,0.093,34.01785714,2.90E-08,1.154757916
CuO,H2O,0.093,35.44642857,2.90E-08,1.136019053
CuO,H2O,0.093,35.89285714,2.90E-08,1.162533266
CuO,H2O,0.093,37.05357143,2.90E-08,1.148266223
CuO,H2O,0.093,38.75,2.90E-08,1.14916048
CuO,H2O,0.093,39.55357143,2.90E-08,1.168964669
CuO,H2O,0.093,39.95535714,2.90E-08,1.167855611
Al2O3,H2O,0.06,20.43977081,3.60E-08,1.089767318
Al2O3,H2O,0.06,22.38493668,3.60E-08,1.088432397
Al2O3,H2O,0.06,22.61171651,3.60E-08,1.083939559
Al2O3,H2O,0.06,24.23826608,3.60E-08,1.09702902
Al2O3,H2O,0.06,25.86240595,3.60E-08,1.127365083
Al2O3,H2O,0.06,26.00323971,3.60E-08,1.090374713
Al2O3,H2O,0.06,26.00484618,3.60E-08,1.078811739
Al2O3,H2O,0.06,26.32212375,3.60E-08,1.074126692
Al2O3,H2O,0.06,25.50925058,3.60E-08,1.064688557
Al2O3,H2O,0.06,26.81718386,3.60E-08,1.09205719
Al2O3,H2O,0.06,27.22174623,3.60E-08,1.11018902
Al2O3,H2O,0.06,27.12723232,3.60E-08,1.139262295
Al2O3,H2O,0.06,30.15890653,3.60E-08,1.130913403
Al2O3,H2O,0.06,30.65637634,3.60E-08,1.131459914
Al2O3,H2O,0.06,30.29893705,3.60E-08,1.100027371
Al2O3,H2O,0.06,32.91908753,3.60E-08,1.123417887
Al2O3,H2O,0.06,33.32873705,3.60E-08,1.105280474
Al2O3,H2O,0.06,33.95525985,3.60E-08,1.152755633
Al2O3,H2O,0.06,34.22487885,3.60E-08,1.165231456
Al2O3,H2O,0.06,35.03480682,3.60E-08,1.195019856
Al2O3,H2O,0.06,34.4123002,3.60E-08,1.119404203
Al2O3,H2O,0.06,34.5480468,3.60E-08,1.119040744
Al2O3,H2O,0.06,34.90762805,3.60E-08,1.135048272
Al2O3,H2O,0.06,36.35585959,3.60E-08,1.129254441
Al2O3,H2O,0.06,36.89429436,3.60E-08,1.15970962
Al2O3,H2O,0.06,37.29698252,3.60E-08,1.190470777
Al2O3,H2O,0.06,37.80141369,3.60E-08,1.142232704
Al2O3,H2O,0.06,38.16153043,3.60E-08,1.154353661
Al2O3,H2O,0.06,38.98056173,3.60E-08,1.120372103
Al2O3,H2O,0.04,22.74074074,4.70E-08,1.033706223
Al2O3,H2O,0.04,22.74074074,4.70E-08,1.051393298
Al2O3,H2O,0.04,26.22222222,4.70E-08,1.062751323
Al2O3,H2O,0.04,26.22222222,4.70E-08,1.043703704
Al2O3,H2O,0.04,27.18518519,4.70E-08,1.041113631
Al2O3,H2O,0.04,27.48148148,4.70E-08,1.041153943
Al2O3,H2O,0.04,27.40740741,4.70E-08,1.030259511
Al2O3,H2O,0.04,26.88888889,4.70E-08,1.027467876
Al2O3,H2O,0.04,26.14814815,4.70E-08,1.030088183
Al2O3,H2O,0.04,25.92592593,4.70E-08,1.015091963
Al2O3,H2O,0.04,26.2962963,4.70E-08,1.015142353
Al2O3,H2O,0.04,26.81481481,4.70E-08,1.0152129
Al2O3,H2O,0.04,33.62962963,4.70E-08,1.031106072
Al2O3,H2O,0.04,36.2962963,4.70E-08,1.091332829
Al2O3,H2O,0.04,36.74074074,4.70E-08,1.118604182
Al2O3,H2O,0.04,37.33333333,4.70E-08,1.120045351
Al2O3,H2O,0.04,38.07407407,4.70E-08,1.13239103
Al2O3,H2O,0.04,38.59259259,4.70E-08,1.116135047
Al2O3,H2O,0.04,38.66666667,4.70E-08,1.097097506
Al2O3,H2O,0.04,41.33333333,4.70E-08,1.200861678
Al2O3,H2O,0.04,47.7037037,4.70E-08,1.186762409
Al2O3,H2O,0.04,47.48148148,4.70E-08,1.155439657
MgO,40:60 EG/W,0.001,19.84780543,4.00E-08,1.03590604
MgO,40:60 EG/W,0.001,24.70318346,4.00E-08,1.046644295
MgO,40:60 EG/W,0.001,29.78870939,4.00E-08,1.049328859
MgO,40:60 EG/W,0.001,34.98188513,4.00E-08,1.054697987
MgO,40:60 EG/W,0.001,39.72961335,4.00E-08,1.062751678
MgO,40:60 EG/W,0.001,44.80919998,4.00E-08,1.070805369
MgO,40:60 EG/W,0.001,49.56583714,4.00E-08,1.070805369
MgO,40:60 EG/W,0.002,19.93763735,4.00E-08,1.054697987
MgO,40:60 EG/W,0.002,24.79895468,4.00E-08,1.060067114
MgO,40:60 EG/W,0.002,29.88002613,4.00E-08,1.066778523
MgO,40:60 EG/W,0.002,34.74282829,4.00E-08,1.070805369
MgO,40:60 EG/W,0.002,39.82389974,4.00E-08,1.077516779
MgO,40:60 EG/W,0.002,44.79435173,4.00E-08,1.084228188
MgO,40:60 EG/W,0.002,49.76777336,4.00E-08,1.088255034
MgO,40:60 EG/W,0.005,19.92130427,4.00E-08,1.069463087
MgO,40:60 EG/W,0.005,24.77965196,4.00E-08,1.077516779
MgO,40:60 EG/W,0.005,29.74713429,4.00E-08,1.086912752
MgO,40:60 EG/W,0.005,34.83266021,4.00E-08,1.089597315
MgO,40:60 EG/W,0.005,39.80162737,4.00E-08,1.097651007
MgO,40:60 EG/W,0.005,44.66294471,4.00E-08,1.103020134
MgO,40:60 EG/W,0.005,49.74550098,4.00E-08,1.108389262
MgO,40:60 EG/W,0.0075,19.68967156,4.00E-08,1.07885906
MgO,40:60 EG/W,0.0075,24.876908,4.00E-08,1.089597315
MgO,40:60 EG/W,0.0075,29.84142068,4.00E-08,1.101677852
MgO,40:60 EG/W,0.0075,34.69679872,4.00E-08,1.112416107
MgO,40:60 EG/W,0.0075,39.66576587,4.00E-08,1.120469799
MgO,40:60 EG/W,0.0075,44.6391875,4.00E-08,1.124496644
MgO,40:60 EG/W,0.0075,49.8293936,4.00E-08,1.132550336
MgO,40:60 EG/W,0.01,19.99628794,4.00E-08,1.101677852
MgO,40:60 EG/W,0.01,24.8472115,4.00E-08,1.116442953
MgO,40:60 EG/W,0.01,29.82211795,4.00E-08,1.119127517
MgO,40:60 EG/W,0.01,35.00786957,4.00E-08,1.131208054
MgO,40:60 EG/W,0.01,39.86176278,4.00E-08,1.143288591
MgO,40:60 EG/W,0.01,44.82924511,4.00E-08,1.152684564
MgO,40:60 EG/W,0.01,49.67422938,4.00E-08,1.172818792
MgO,40:60 EG/W,0.015,19.73198907,4.00E-08,1.140604027
MgO,40:60 EG/W,0.015,24.8115757,4.00E-08,1.148657718
MgO,40:60 EG/W,0.015,29.77460355,4.00E-08,1.162080537
MgO,40:60 EG/W,0.015,34.96035517,4.00E-08,1.174161074
MgO,40:60 EG/W,0.015,39.82167251,4.00E-08,1.179530201
MgO,40:60 EG/W,0.015,44.78767001,4.00E-08,1.190268456
MgO,40:60 EG/W,0.015,49.71803172,4.00E-08,1.233221477
MgO,40:60 EG/W,0.02,19.5857338,4.00E-08,1.172818792
MgO,40:60 EG/W,0.02,24.74624339,4.00E-08,1.207718121
MgO,40:60 EG/W,0.02,29.81098177,4.00E-08,1.229194631
MgO,40:60 EG/W,0.02,34.55870998,4.00E-08,1.237248322
MgO,40:60 EG/W,0.02,39.61750906,4.00E-08,1.26409396
MgO,40:60 EG/W,0.02,44.56717349,4.00E-08,1.289597315
MgO,40:60 EG/W,0.02,49.52129239,4.00E-08,1.311073826
MgO,40:60 EG/W,0.03,19.87898676,4.00E-08,1.207718121
MgO,40:60 EG/W,0.03,24.73436479,4.00E-08,1.218456376
MgO,40:60 EG/W,0.03,29.79613352,4.00E-08,1.24261745
MgO,40:60 EG/W,0.03,34.74282829,4.00E-08,1.270805369
MgO,40:60 EG/W,0.03,39.70437133,4.00E-08,1.28557047
MgO,40:60 EG/W,0.03,44.53599216,4.00E-08,1.317785235
MgO,40:60 EG/W,0.03,49.48417176,4.00E-08,1.344630872
Al2O3,EG,0.002,23.85496183,5.00E-09,1.017874492
Al2O3,EG,0.002,29.96183206,5.00E-09,1.019460692
Al2O3,EG,0.002,34.84732824,5.00E-09,1.023327055
Al2O3,EG,0.002,39.96183206,5.00E-09,1.024655497
Al2O3,EG,0.002,45,5.00E-09,1.028561515
Al2O3,EG,0.002,50.11450382,5.00E-09,1.035084763
Al2O3,EG,0.005,23.85496183,5.00E-09,1.038653713
Al2O3,EG,0.005,29.88549618,5.00E-09,1.040220085
Al2O3,EG,0.005,34.92366412,5.00E-09,1.0415287
Al2O3,EG,0.005,39.88549618,5.00E-09,1.042817488
Al2O3,EG,0.005,45.07633588,5.00E-09,1.049360563
Al2O3,EG,0.005,49.96183206,5.00E-09,1.053226926
Al2O3,EG,0.0075,23.85496183,5.00E-09,1.064627739
Al2O3,EG,0.0075,29.88549618,5.00E-09,1.071388916
Al2O3,EG,0.0075,35,5.00E-09,1.072717359
Al2O3,EG,0.0075,39.96183206,5.00E-09,1.076603549
Al2O3,EG,0.0075,45,5.00E-09,1.077912164
Al2O3,EG,0.0075,50.11450382,5.00E-09,1.084435412
Al2O3,EG,0.01,23.85496183,5.00E-09,1.072419946
Al2O3,EG,0.01,29.96183206,5.00E-09,1.076603549
Al2O3,EG,0.01,34.84732824,5.00E-09,1.085664717
Al2O3,EG,0.01,39.96183206,5.00E-09,1.094785367
Al2O3,EG,0.01,44.92366412,5.00E-09,1.106463765
Al2O3,EG,0.01,50.11450382,5.00E-09,1.123396451
Al2O3,EG,0.02,23.93129771,5.00E-09,1.134777436
Al2O3,EG,0.02,29.88549618,5.00E-09,1.151908397
Al2O3,EG,0.02,35.07633588,5.00E-09,1.16624368
Al2O3,EG,0.02,40.03816794,5.00E-09,1.185714286
Al2O3,EG,0.02,45,5.00E-09,1.197392684
Al2O3,EG,0.02,50.03816794,5.00E-09,1.222077922
Al2O3,EG,0.03,23.93129771,5.00E-09,1.17893328
Al2O3,EG,0.03,29.96183206,5.00E-09,1.222058095
Al2O3,EG,0.03,35,5.00E-09,1.23375632
Al2O3,EG,0.03,40.03816794,5.00E-09,1.242857143
Al2O3,EG,0.03,45.07633588,5.00E-09,1.262347576
Al2O3,EG,0.03,49.96183206,5.00E-09,1.305174978
Al2O3,EG,0.04,23.93129771,5.00E-09,1.199712501
Al2O3,EG,0.04,29.96183206,5.00E-09,1.240239913
Al2O3,EG,0.04,35.07633588,5.00E-09,1.270139784
Al2O3,EG,0.04,40.11450382,5.00E-09,1.297422425
Al2O3,EG,0.04,45.07633588,5.00E-09,1.30650342
Al2O3,EG,0.04,50.11450382,5.00E-09,1.325993853
Al2O3,EG,0.05,24.00763359,5.00E-09,1.293238822
Al2O3,EG,0.05,30.11450382,5.00E-09,1.310409438
Al2O3,EG,0.05,34.92366412,5.00E-09,1.337632596
Al2O3,EG,0.05,40.03816794,5.00E-09,1.367532468
Al2O3,EG,0.05,45.07633588,5.00E-09,1.407802122
Al2O3,EG,0.05,50.11450382,5.00E-09,1.424695152
MgO,EG,0.002425578,25,2.00E-08,1.025548211
MgO,EG,0.004941292,25,2.00E-08,1.042869679
MgO,EG,0.009873046,25,2.00E-08,1.114077508
MgO,EG,0.014910515,25,2.00E-08,1.131352874
MgO,EG,0.019933677,25,2.00E-08,1.189761957
MgO,EG,0.030001304,25,2.00E-08,1.245336589
MgO,EG,0.039784213,25,2.00E-08,1.369472185
MgO,EG,0.049941976,25,2.00E-08,1.415904401
MgO,EG,0.002341164,25,4.00E-08,1.01823714
MgO,EG,0.004856879,25,4.00E-08,1.035558608
MgO,EG,0.009880041,25,4.00E-08,1.093967691
MgO,EG,0.014831189,25,4.00E-08,1.109416481
MgO,EG,0.019945123,25,4.00E-08,1.156854984
MgO,EG,0.029928972,25,4.00E-08,1.203290379
MgO,EG,0.039978793,25,4.00E-08,1.310053637
MgO,EG,0.04987791,25,4.00E-08,1.350092044
MgO,EG,0.002428121,25,5.00E-08,1.01823555
MgO,EG,0.004857832,25,5.00E-08,1.03281636
MgO,EG,0.009882266,25,5.00E-08,1.087569113
MgO,EG,0.014921007,25,5.00E-08,1.101188148
MgO,EG,0.019949574,25,5.00E-08,1.144057827
MgO,EG,0.030021652,25,5.00E-08,1.186835303
MgO,EG,0.039984834,25,5.00E-08,1.292686067
MgO,EG,0.049798584,25,5.00E-08,1.328155652
MgO,EG,0.002428757,25,6.00E-08,1.016407385
MgO,EG,0.004945743,25,6.00E-08,1.030072523
MgO,EG,0.009884174,25,6.00E-08,1.082084617
MgO,EG,0.014923233,25,6.00E-08,1.09478957
MgO,EG,0.019866433,25,6.00E-08,1.133090426
MgO,EG,0.030025467,25,6.00E-08,1.175866312
MgO,EG,0.039818551,25,6.00E-08,1.270751265
MgO,EG,0.049807486,25,6.00E-08,1.302561339
MgO,EG,0.002462516,35,2.00E-08,1.027622388
MgO,EG,0.005006022,35,2.00E-08,1.043681881
MgO,EG,0.010022581,35,2.00E-08,1.11761456
MgO,EG,0.015019269,35,2.00E-08,1.132828024
MgO,EG,0.020033119,35,2.00E-08,1.198753538
MgO,EG,0.030034323,35,2.00E-08,1.252312278
MgO,EG,0.050060818,35,2.00E-08,1.430604564
MgO,EG,0.040059914,35,2.00E-08,1.377935509
MgO,EG,0.002460408,35,4.00E-08,1.021394593
MgO,EG,0.004919311,35,4.00E-08,1.03745258
MgO,EG,0.01001686,35,4.00E-08,1.100710544
MgO,EG,0.015012344,35,4.00E-08,1.112365268
MgO,EG,0.020021377,35,4.00E-08,1.16405582
MgO,EG,0.030020774,35,4.00E-08,1.21227645
MgO,EG,0.040126453,35,4.00E-08,1.32455591
MgO,EG,0.050123442,35,4.00E-08,1.365659059
MgO,EG,0.002374902,35,5.00E-08,1.018724032
MgO,EG,0.004917806,35,5.00E-08,1.033004155
MgO,EG,0.010014151,35,5.00E-08,1.092703378
MgO,EG,0.015009634,35,5.00E-08,1.104358102
MgO,EG,0.020101162,35,5.00E-08,1.149822364
MgO,EG,0.030015957,35,5.00E-08,1.198041489
MgO,EG,0.040120732,35,5.00E-08,1.307651894
MgO,EG,0.050032516,35,5.00E-08,1.346974168
MgO,EG,0.002374902,35,6.00E-08,1.018724032
MgO,EG,0.004917806,35,6.00E-08,1.033004155
MgO,EG,0.010012043,35,6.00E-08,1.086475583
MgO,EG,0.014923827,35,6.00E-08,1.100797856
MgO,EG,0.01992744,35,6.00E-08,1.136474077
MgO,EG,0.030009333,35,6.00E-08,1.178468417
MgO,EG,0.040113506,35,6.00E-08,1.286299452
MgO,EG,0.050021075,35,6.00E-08,1.313166135
MgO,EG,0.002438398,45,2.00E-08,1.027075812
MgO,EG,0.004965789,45,2.00E-08,1.045126354
MgO,EG,0.01001364,45,2.00E-08,1.120938628
MgO,EG,0.014984312,45,2.00E-08,1.13898917
MgO,EG,0.019947108,45,2.00E-08,1.202166065
MgO,EG,0.029885459,45,2.00E-08,1.255415162
MgO,EG,0.039897682,45,2.00E-08,1.385379061
MgO,EG,0.049922663,45,2.00E-08,1.442238267
MgO,EG,0.002439501,45,4.00E-08,1.020758123
MgO,EG,0.004879947,45,4.00E-08,1.03700361
MgO,EG,0.00992953,45,4.00E-08,1.102888087
MgO,EG,0.014901147,45,4.00E-08,1.115523466
MgO,EG,0.019866306,45,4.00E-08,1.165162455
MgO,EG,0.02989176,45,4.00E-08,1.219314079
MgO,EG,0.039818928,45,4.00E-08,1.336642599
MgO,EG,0.049848949,45,4.00E-08,1.364620939
MgO,EG,0.002352398,45,5.00E-08,1.019855596
MgO,EG,0.004880262,45,5.00E-08,1.035198556
MgO,EG,0.009843845,45,5.00E-08,1.093862816
MgO,EG,0.014990612,45,5.00E-08,1.102888087
MgO,EG,0.019955141,45,5.00E-08,1.156137184
MgO,EG,0.029895697,45,5.00E-08,1.196750903
MgO,EG,0.039998173,45,5.00E-08,1.309566787
MgO,EG,0.049939359,45,5.00E-08,1.346570397
MgO,EG,0.002352871,45,6.00E-08,1.017148014
MgO,EG,0.005055254,45,6.00E-08,1.032490975
MgO,EG,0.009844948,45,6.00E-08,1.087545126
MgO,EG,0.014990927,45,6.00E-08,1.101083032
MgO,EG,0.020133127,45,6.00E-08,1.136281588
MgO,EG,0.029898848,45,6.00E-08,1.178700361
MgO,EG,0.040002111,45,6.00E-08,1.28700361
MgO,EG,0.049856194,45,6.00E-08,1.323104693
MgO,EG,0.002430556,55,2.00E-08,1.029526334
MgO,EG,0.004861111,55,2.00E-08,1.04829998
MgO,EG,0.010069444,55,2.00E-08,1.121683343
MgO,EG,0.015017361,55,2.00E-08,1.141307933
MgO,EG,0.020052083,55,2.00E-08,1.204837776
MgO,EG,0.030121528,55,2.00E-08,1.264693163
MgO,EG,0.040104167,55,2.00E-08,1.389962291
MgO,EG,0.050086806,55,2.00E-08,1.459675864
MgO,EG,0.002430556,55,4.00E-08,1.02414999
MgO,EG,0.005034722,55,4.00E-08,1.037544181
MgO,EG,0.010069444,55,4.00E-08,1.105554311
MgO,EG,0.015017361,55,4.00E-08,1.118010442
MgO,EG,0.019965278,55,4.00E-08,1.172581267
MgO,EG,0.030034722,55,4.00E-08,1.221683966
MgO,EG,0.040104167,55,4.00E-08,1.338887022
MgO,EG,0.05,55,4.00E-08,1.374551971
MgO,EG,0.00234375,55,5.00E-08,1.019671259
MgO,EG,0.004861111,55,5.00E-08,1.03485912
MgO,EG,0.010069444,55,5.00E-08,1.100177967
MgO,EG,0.015017361,55,5.00E-08,1.108153811
MgO,EG,0.020052083,55,5.00E-08,1.158242794
MgO,EG,0.030034722,55,5.00E-08,1.197490417
MgO,EG,0.040104167,55,5.00E-08,1.31917376
MgO,EG,0.050086806,55,5.00E-08,1.363797727
MgO,EG,0.002517361,55,6.00E-08,1.017876033
MgO,EG,0.004947917,55,6.00E-08,1.033961507
MgO,EG,0.010069444,55,6.00E-08,1.090321336
MgO,EG,0.015017361,55,6.00E-08,1.104569581
MgO,EG,0.020052083,55,6.00E-08,1.138529533
MgO,EG,0.030034722,55,6.00E-08,1.182257442
MgO,EG,0.040017361,55,6.00E-08,1.286021194
MgO,EG,0.050086806,55,6.00E-08,1.33243572
TiO2,H2O,0.001994785,15,2.10E-08,1.029566787
TiO2,H2O,0.005984355,15,2.10E-08,1.040288809
TiO2,H2O,0.009973924,15,2.10E-08,1.046787004
TiO2,H2O,0.014980443,15,2.10E-08,1.062057762
TiO2,H2O,0.019986962,15,2.10E-08,1.079277978
TiO2,H2O,0.001955671,25,2.10E-08,1.02599278
TiO2,H2O,0.005945241,25,2.10E-08,1.036389892
TiO2,H2O,0.009973924,25,2.10E-08,1.042238267
TiO2,H2O,0.014980443,25,2.10E-08,1.062382671
TiO2,H2O,0.019986962,25,2.10E-08,1.068880866
TiO2,H2O,0.001994785,35,2.10E-08,1.015270758
TiO2,H2O,0.006023468,35,2.10E-08,1.033465704
TiO2,H2O,0.010013038,35,2.10E-08,1.039638989
TiO2,H2O,0.014980443,35,2.10E-08,1.053610108
TiO2,H2O,0.019986962,35,2.10E-08,1.061732852
SiO2,H2O,0.009835075,25,1.75E-08,1.01998227
SiO2,H2O,0.019802332,25,1.75E-08,1.026932624
SiO2,H2O,0.029778846,25,1.75E-08,1.03785461
SiO2,H2O,0.039676397,25,1.75E-08,1.049893617
TiO2,H2O,0.002,39.74358974,2.10E-08,1.025087946
TiO2,H2O,0.002,49.61538462,2.10E-08,1.026824578
TiO2,H2O,0.002,59.87179487,2.10E-08,1.02728424
TiO2,H2O,0.002,69.23076923,2.10E-08,1.028467402
TiO2,H2O,0.004,29.87179487,2.10E-08,1.026095216
TiO2,H2O,0.004,39.74358974,2.10E-08,1.031307458
TiO2,H2O,0.004,49.74358974,2.10E-08,1.033411116
TiO2,H2O,0.004,59.61538462,2.10E-08,1.034598968
TiO2,H2O,0.004,69.74358974,2.10E-08,1.035606238
TiO2,H2O,0.006,30,2.10E-08,1.032315901
TiO2,H2O,0.006,39.87179487,2.10E-08,1.035515947
TiO2,H2O,0.006,49.61538462,2.10E-08,1.037617261
TiO2,H2O,0.006,59.61538462,2.10E-08,1.037708724
TiO2,H2O,0.006,69.61538462,2.10E-08,1.038714822
TiO2,H2O,0.008,29.87179487,2.10E-08,1.038717167
TiO2,H2O,0.008,39.74358974,2.10E-08,1.040270872
TiO2,H2O,0.008,49.74358974,2.10E-08,1.042374531
TiO2,H2O,0.008,59.61538462,2.10E-08,1.043013602
TiO2,H2O,0.008,70.12820513,2.10E-08,1.044207317
TiO2,H2O,0.01,29.87179487,2.10E-08,1.044204972
TiO2,H2O,0.01,39.87179487,2.10E-08,1.045576923
TiO2,H2O,0.01,49.87179487,2.10E-08,1.048778143
TiO2,H2O,0.01,59.74358974,2.10E-08,1.050514775
TiO2,H2O,0.01,69.48717949,2.10E-08,1.051884381
TiO2,40:60 EG/W,0.002,29.98290635,2.10E-08,1.027251554
TiO2,40:60 EG/W,0.002,39.81004679,2.10E-08,1.036540886
TiO2,40:60 EG/W,0.002,49.80214098,2.10E-08,1.048399607
TiO2,40:60 EG/W,0.002,59.62757206,2.10E-08,1.060252986
TiO2,40:60 EG/W,0.002,69.62052093,2.10E-08,1.070829683
TiO2,40:60 EG/W,0.004,29.97777825,2.10E-08,1.034943698
TiO2,40:60 EG/W,0.004,39.63569155,2.10E-08,1.048073759
TiO2,40:60 EG/W,0.004,49.6294951,2.10E-08,1.057368432
TiO2,40:60 EG/W,0.004,59.78996175,2.10E-08,1.066668447
TiO2,40:60 EG/W,0.004,69.61624752,2.10E-08,1.077239803
TiO2,40:60 EG/W,0.006,29.80256832,2.10E-08,1.047758595
TiO2,40:60 EG/W,0.006,39.79551719,2.10E-08,1.058335292
TiO2,40:60 EG/W,0.006,49.78932074,2.10E-08,1.067629965
TiO2,40:60 EG/W,0.006,59.78312429,2.10E-08,1.076924638
TiO2,40:60 EG/W,0.006,69.77778253,2.10E-08,1.084937288
TiO2,40:60 EG/W,0.008,29.96324865,2.10E-08,1.056738104
TiO2,40:60 EG/W,0.008,39.95790688,2.10E-08,1.064750753
TiO2,40:60 EG/W,0.008,49.78590201,2.10E-08,1.072758061
TiO2,40:60 EG/W,0.008,59.60962373,2.10E-08,1.087175488
TiO2,40:60 EG/W,0.008,69.93248008,2.10E-08,1.102890964
TiO2,40:60 EG/W,0.01,29.78974808,2.10E-08,1.066988953
TiO2,40:60 EG/W,0.01,39.94936006,2.10E-08,1.077570992
TiO2,40:60 EG/W,0.01,49.77564582,2.10E-08,1.088142347
TiO2,40:60 EG/W,0.01,59.60278627,2.10E-08,1.097431679
TiO2,40:60 EG/W,0.01,69.92051452,2.10E-08,1.120839298
SiO2,H2O,0.010342857,25,1.20E-08,1.032801484
SiO2,H2O,0.019942857,25,1.20E-08,1.09090538
SiO2,H2O,0.03,25,1.20E-08,1.165257885
SiO2,H2O,0.040057143,25,1.20E-08,1.231818182
ZnO,EG,0.010021107,30,6.72E-08,1.027333333
ZnO,EG,0.02009112,30,6.72E-08,1.068
ZnO,EG,0.030080824,30,6.72E-08,1.104666667
ZnO,EG,0.02,9.763313609,6.72E-08,1.05260274
ZnO,EG,0.02,20.17751479,6.72E-08,1.060547945
ZnO,EG,0.02,29.8816568,6.72E-08,1.068630137
ZnO,EG,0.02,40.0591716,6.72E-08,1.07260274
ZnO,EG,0.02,50,6.72E-08,1.076712329
ZnO,EG,0.009900815,25,6.72E-08,1.0284375
ZnO,EG,0.02005231,25,6.72E-08,1.0678125
ZnO,EG,0.030136209,25,6.72E-08,1.105
ZnO,EG,0.03,19.92682927,6.72E-08,1.071417323
ZnO,EG,0.03,29.87804878,6.72E-08,1.078582677
ZnO,EG,0.03,40.04878049,6.72E-08,1.089212598
ZnO,EG,0.03,49.92682927,6.72E-08,1.096456693
Al2O3,EG,0.04,25.0861244,4.50E-08,1.121507073
Al2O3,EG,0.04,35.32535885,4.50E-08,1.12411149
Al2O3,EG,0.04,45.0861244,4.50E-08,1.125437204
Al2O3,EG,0.04,55.22966507,4.50E-08,1.130667976
Al2O3,EG,0.04,65.46889952,4.50E-08,1.133927415
Al2O3,H2O,0.037,25.04564762,4.50E-08,1.061038961
Al2O3,H2O,0.037,34.99300856,4.50E-08,1.065584416
Al2O3,H2O,0.037,45.31595634,4.50E-08,1.07012987
Al2O3,H2O,0.037,55.26413024,4.50E-08,1.074025974
Al2O3,H2O,0.037,65.03020141,4.50E-08,1.073376623
Al2O3,H2O,0.036544503,25,4.50E-08,1.061697248
Al2O3,H2O,0.044712042,25,4.50E-08,1.08233945
Al2O3,H2O,0.056858639,25,4.50E-08,1.103669725
Al2O3,H2O,0.074031414,25,4.50E-08,1.126376147
Al2O3,H2O,0.092879581,25,4.50E-08,1.166972477
Al2O3,EG,0.024931507,25,4.50E-08,1.066981132
Al2O3,EG,0.040136986,25,4.50E-08,1.122169811
Al2O3,EG,0.060273973,25,4.50E-08,1.192924528
Al2O3,EG,0.010136986,25,4.50E-08,1.038679245
Al2O3,EG,0.01,25.15057959,4.50E-08,1.019298871
Al2O3,EG,0.01,35.14870391,4.50E-08,1.02205612
Al2O3,EG,0.01,45.04554151,4.50E-08,1.023704843
Al2O3,EG,0.01,54.94162884,4.50E-08,1.026456465
Al2O3,EG,0.01,65.04254042,4.50E-08,1.028116442
Al2O3,EG,0.025,25.13257306,4.50E-08,1.045768466
Al2O3,EG,0.025,35.13069738,4.50E-08,1.048525716
Al2O3,EG,0.025,45.23160896,4.50E-08,1.050185692
Al2O3,EG,0.025,55.22898301,4.50E-08,1.054045842
Al2O3,EG,0.025,65.12582061,4.50E-08,1.055694564
Al2O3,EG,0.04,25.09430919,4.50E-08,1.102016356
Al2O3,EG,0.04,34.99114679,4.50E-08,1.103665079
Al2O3,EG,0.04,45.09280864,4.50E-08,1.104222156
Al2O3,EG,0.04,55.08943242,4.50E-08,1.109185205
Al2O3,EG,0.04,65.18959373,4.50E-08,1.111948081
Al2O3,EG,0.06,25.0485426,4.50E-08,1.169293244
Al2O3,EG,0.06,34.83884158,4.50E-08,1.177553738
Al2O3,EG,0.06,44.8369659,4.50E-08,1.180310988
Al2O3,EG,0.06,55.14195146,4.50E-08,1.181982219
Al2O3,EG,0.06,65.03878906,4.50E-08,1.183630941
Al2O3,EG,0.08,24.96226132,4.50E-08,1.296126721
Al2O3,EG,0.08,34.95963537,4.50E-08,1.29998687
Al2O3,EG,0.08,44.85647297,4.50E-08,1.301635593
Al2O3,EG,0.08,54.95663428,4.50E-08,1.304398469
Al2O3,EG,0.08,64.95700942,4.50E-08,1.30384702
Al2O3,H2O,0.036467199,25,4.50E-08,1.060416667
Al2O3,H2O,0.044507979,25,4.50E-08,1.08125
Al2O3,H2O,0.056382979,25,4.50E-08,1.1
Al2O3,H2O,0.073559397,25,4.50E-08,1.127083333
Al2O3,H2O,0.091985816,25,4.50E-08,1.166666667
Al2O3,H2O,0.036651152,65,4.50E-08,1.073958333
Al2O3,H2O,0.04491578,65,4.50E-08,1.089583333
Al2O3,H2O,0.073331117,65,4.50E-08,1.134375
Al2O3,H2O,0.091963652,65,4.50E-08,1.177083333
Al2O3,EG,0.010124113,25,4.50E-08,1.041666667
Al2O3,EG,0.024541223,25,4.50E-08,1.065625
Al2O3,EG,0.039738475,25,4.50E-08,1.122916667
Al2O3,EG,0.05916445,25,4.50E-08,1.192708333
Al2O3,EG,0.078681294,25,4.50E-08,1.319791667
Al2O3,EG,0.009463652,65,4.50E-08,1.052083333
Al2O3,EG,0.024727394,65,4.50E-08,1.078125
Al2O3,EG,0.039281915,65,4.50E-08,1.1375
Al2O3,EG,0.059767287,65,4.50E-08,1.209375
Al2O3,EG,0.079075798,65,4.50E-08,1.334375
Al2O3,H2O,0.037,25.01509421,4.50E-08,1.061575563
Al2O3,H2O,0.037,34.95661663,4.50E-08,1.066398714
Al2O3,H2O,0.037,44.90013828,4.50E-08,1.06977492
Al2O3,H2O,0.037,55.04824817,4.50E-08,1.075080386
Al2O3,H2O,0.037,64.99776752,4.50E-08,1.074115756
Al2O3,H2O,0.045,25.19435883,4.50E-08,1.081832797
Al2O3,H2O,0.045,35.03491995,4.50E-08,1.084726688
Al2O3,H2O,0.045,45.08273495,4.50E-08,1.087620579
Al2O3,H2O,0.045,55.02758942,4.50E-08,1.090032154
Al2O3,H2O,0.045,64.97910801,4.50E-08,1.087620579
Al2O3,H2O,0.057,24.96044849,4.50E-08,1.101125402
Al2O3,H2O,0.057,35.0202589,4.50E-08,1.095337621
Al2O3,H2O,0.057,45.06140979,4.50E-08,1.103054662
Al2O3,H2O,0.057,54.90596938,4.50E-08,1.103054662
Al2O3,H2O,0.057,64.96111491,4.50E-08,1.100643087
Al2O3,H2O,0.074,25.03008847,4.50E-08,1.125723473
Al2O3,H2O,0.074,35.08390117,4.50E-08,1.124276527
Al2O3,H2O,0.074,44.81417123,4.50E-08,1.131993569
Al2O3,H2O,0.074,54.86331906,4.50E-08,1.13392283
Al2O3,H2O,0.074,64.91713177,4.50E-08,1.132475884
Al2O3,H2O,0.093,24.86981657,4.50E-08,1.166720257
Al2O3,H2O,0.093,34.92629492,4.50E-08,1.163344051
Al2O3,H2O,0.093,44.76219116,4.50E-08,1.169614148
Al2O3,H2O,0.093,54.80200923,4.50E-08,1.17829582
Al2O3,H2O,0.093,64.85648835,4.50E-08,1.176366559
